{"farPlane": 6.356104522334282, "nearPlane": 0.1333, "upVector": [0.6389172435557343, 0.2829491995105483, 0.7153492198803961], "targetPosition": [0.05471361591632292, 0.12015277677143191, -0.39547867728129676], "eyePosition":  [-1.8366826545742034, -0.8914857814544176, 0.9499518864185601]}